"Lemma","Discriminator","Dialect","Supertype","Morphotype","Features","Sememe","Definition","Examples","Synonyms","Gloss","Frequency","Etymology","Etymological notes"
"-वाला",1,,"Suff",,,,"one who does",,,,,,
"-ा",,,"Inflection","M.SG",,,,,,,,,
"-ी",,,"Inflection","F.SG",,,,,,,,,
"-ीं",,,"Inflection","F.PL",,,,,,,,,
"-े",,,"Inflection","M.PL",,,,,,,,,
"अथवा",1,"Formal","Conj",,,,"either… or…",,,,,,
"अधिक",1,,"AN",,,,"much",,,,,,
"अधिक",2,,"AN",,,,"many",,,,,,
"अधिक",3,,"AN",,,,"too much",,,,,,
"अधिक",4,,"AN",,,,"too many",,,,,,
"अध्ययन",1,,"N",,"M",,"study, reading",,,,,,
"अध्ययन",2,,"N",,"M",,"course",,,,,,
"अनेक",1,,"AN","Indeclinable",,,"more than one, several",,,,,,
"अनेक",2,,"AN","Indeclinable",,,"many",,,,,,
"अनेक",3,,"AN","Indeclinable",,,"various",,,,,,
"अपना",1,,"Pro",,"Reflexive",,"oneself",,,,,,
"अभी",1,,"AV",,,,"right now",,,,,,
"अभी",2,,"AV",,,,"just now (a bit earlier)",,,,,,
"अर्थ",1,,"N",,"M",,"meaning",,,,,,
"अर्थ",2,,"N",,"M",,"sense, purpose",,,,,,
"अलग",1,,"AN","Indeclinable",,,"separate, distinct",,,,,,
"अलग",2,,"AN","Indeclinable",,,"different",,,,,,
"अश्व",1,,"N",,"M","qibawe ",,,,,,,
"आ-",1,,"V",,,,"come, approach, arrive",,,,,,
"आ-",2,,"V",,,,"enter, appear",,,,,,
"आ-",3,,"V",,,,"be perceived",,,,,,
"आगे",1,,"AV",,,,"forward",,,,,,
"आगे",2,,"AV",,,,"ahead",,,,,,
"आगे",3,,"AV",,,,"hereafter",,,,,,
"आदि",1,,"N",,"M",,"beginning",,,,,,
"आदि",2,,"N",,"M",,"source, origin",,,,,,
"आवश्यक",1,,"AN","Indeclinable",,,"necessary",,,,,,
"आसंद",,,"N",,"M","zunoko ",,,,,,,
"इसलिए",1,,"AV",,,,"therefore",,,,,,
"इसी",1,,"Pro",,,,"only this, just this",,,,,,
"उत्तर",1,,"N",,"M",,"reply, answer",,,,,,
"उत्तर",2,,"N",,"M","qobuge","north",,,,,,
"ऊपर",1,,"AV",,,,"on top of",,,,,,
"ऊपर",2,,"AV",,,,"above",,,,,,
"ऊपर",3,,"AV",,,,"preceding (in a sequence/text)",,,,,,
"ऊपर",4,,"AV",,,,"superficially",,,,,,
"एवं",1,"Literary","Coo",,,,"and",,,,,,
"एवं",2,,"Coo",,,,"thus, so",,,,,,
"ऐसा",1,,"D",,,,"of this sort/kind",,,,,,
"और",1,,"Coo",,,"nawulu","and",,,,,,
"कई",1,,"Pro",,,,"several things/people",,,,,,
"कई",2,,"Pro",,,,"many",,,,,,
"कई",3,,"D","Indeclinable",,,"varied",,,,,,
"कंप्यूटर",,,"N",,"M","futeyu ",,,,,,,
"कभी",1,,"AV",,,,"sometimes",,,,,,
"कभी",2,,"AV",,,,"ever",,,,,,
"कर-",1,,"V",,,"tubano","do",,,,,,
"कर-",2,,"V",,,,"work",,,,,,
"कर-",3,,"V",,,,"make, create",,,,,,
"कर-",4,,"V",,,,"cause to become, render",,,,,,
"कर-",5,,"V",,,,"hire",,,,,,
"कर-",6,,"V",,,,"⦃verbalizer⦄",,,,,,
"कर-",7,,"V",,,,"to do habitually",,,,,,
"कल",,,"AV",,,"huvaji ",,,,,,,
"कहा",1,,"N",,"M",,"advice",,,,,,
"कहा",2,,"N",,"M",,"claim",,,,,,
"काम",1,,"N",,"M",,"work, task, labour",,,,,,
"काम",2,,"N",,"M",,"job",,,,,,
"काम",3,,"N",,"M",,"function, purpose",,,,,,
"कार्य",1,,"N",,"M",,"work, task",,,,,,
"कार्य",2,,"N",,"M",,"action, operation",,,,,,
"कार्य",3,,"N",,"M",,"business",,,,,,
"कार्य",4,,"N",,"M",,"profession, job",,,,,,
"किन्तु",1,,"Conj",,,,"but, however",,,,,,
"कुछ",,,"N",,"M SG",,"something",,,,,,
"कुत्ता",,,"N",,"M","yobanu ",,,,,,,
"कुरसी",,,"N",,"F","zunoko ",,,,,,,
"कोई",1,,"D",,,,"some",,,,,,
"कोई",2,,"D",,,,"certain",,,,,,
"कोई",3,,"N",,"MF",,"anything",,,,,,
"कोई",4,,"N",,"MF",,"someone, something",,,,,,
"क्या",1,,"Pro",,"Int MF",,"what",,,,,,
"क्या",2,,"Adv",,,,"in such a way!",,,,,,
"क्यों",1,,"AV",,,,"why",,,,,,
"क्योंकि",1,,"Conj",,,,"because",,,,,,
"ग-",,,"V","@JanaPfvStem",,,,,,,,,
"गाँव",1,,"N",,"M",,"village, hamlet",,,,,,
"गाँव",2,,"N",,"M",,"rural settlement",,,,,,
"घोड़ा",,,"N",,"M","qibawe ",,,,,,,
"चार",1,,"Num",,,"punuza","four",,,,,,
"चाह-",1,,"V",,,"letera","want, desire, wish",,,,,,
"चाह-",2,,"V",,,,"should, ought to",,,,,,
"चूल्हा",,,"N",,"M","tagowu ",,,,,,,
"जा-",,,"V","@JanaNormalStem",,,,,,,,,
"जी-",,,"V",,"I","yogije ",,,,,,,
"जो",1,,"Pro",,"Rel",,"who, whoever",,,,,,
"जो",2,,"Pro",,"Rel",,"whichever",,,,,,
"जो",3,,"Pro",,"Rel",,"whatever",,,,,,
"झूठा",,,"AN",,,"maruhe ",,,,,,,
"ठीक",1,,"AN","Indeclinable",,"qifawi","right, correct",,,,,,
"ठीक",2,,"AN","Indeclinable",,,"good, okay, fine",,,,,,
"तथा",1,"Literary","Coo",,,"nawulu","and",,,,,,
"तरच्छ",,,"N",,"M","nulofa ",,,,,,,
"तरह",1,,"N",,"F","fukepa ","type, kind, sort",,,,,,
"तरह",2,,"N",,"F",,"way, manner",,,,,,
"तरह",3,,"N",,"F",,"method",,,,,,
"तरह",4,,"N",,"F",,"state, condition",,,,,,
"तीन",1,,"Num",,,"royomi","three",,,,,,
"तैयार",1,,"AN","Indeclinable",,,"ready",,,,,,
"थ-",,,"Cop","@CopStem.IND.IMPFV",,,,,,,,,
"दिन",1,,"N",,"M",,"day (from midnight to midnight)",,,,,,
"दिन",2,,"N",,"M",,"day (24h)",,,,,,
"दिन",3,,"N",,"M","hoqeno","daytime",,,,,,
"दिया",1,,"N",,"M",,"light",,,,,,
"दिया",2,,"N",,"M",,"lamp",,,,,,
"दूर",1,,"AN","Indeclinable",,,"distant, far",,,,,,
"दूर",2,,"AN","Indeclinable",,,"away, off",,,,,,
"दूसरा",1,,"AN",,,,"another",,,,,,
"दूसरा",2,,"AN",,,,"second",,,,,,
"दूसरा",3,,"N",,"M",,"copy, duplicate",,,,,,
"दूसरा",4,,"N",,"M",,"alternative, replacement",,,,,,
"दृष्टि",1,,"N",,"F",,"vision, sight (perception, not ability)",,,,,,
"दे-",,,"V",,,,"give",,,,,,
"देख-",,,"V",,,"zapiyo",,,,,,,
"देश",1,,"N",,"M",,"nation, country",,,,,,
"देश",2,,"N",,"M",,"sovreign state",,,,,,
"देश",3,,"N",,"M",,"the people of a country",,,,,,
"दोनों",1,,"D",,,,"both",,,,,,
"द्वारा",1,,"P",,,,"by",,,,,,
"ध्यान",1,,"N",,"M",,"attention, focus",,,,,,
"ध्यान",2,,"N",,"M",,"meditation, reflection",,,,,,
"नहीं",,,"Prt",,,"maruhe",,,,,,,
"नाग",,,"N",,"M","kisudo ",,,,,,,
"नाम",1,,"N",,"M",,"name",,,,,,
"नाम",2,,"N",,"M",,"fame, reputation",,,,,,
"नीचे",1,,"AV",,,,"down, under, below",,,,,,
"पता",1,,"N",,"M",,"address",,,,,,
"पता",2,,"N",,"M",,"knowledge, clue",,,,,,
"परंतु",1,,"Conj",,,,"however",,,,,,
"परन्तु",1,,"Conj",,,,"however",,,,,,
"पलंग",,,"N",,"M","dufiqa ",,,,,,,
"पानी",,,"N",,"M","seliwa ",,,,,,,
"पास",1,,"AV",,,,"nearby",,,,,,
"पास",2,,"N",,"M",,"nearby place",,,,,,
"पेड़",,,"N",,"M","tiliva ",,,,,,,
"प्रकार",1,,"N",,"M","fukepa ","type, kind, sort",,,,,,
"प्रकार",2,,"N",,"M",,"way, manner",,,,,,
"प्रकार",3,,"N",,"M",,"method",,,,,,
"प्रति",1,,"N",,"F",,"copy",,,,,,
"प्राप्त",1,,"AN",,,,"obtained, found",,,,,,
"प्राप्त",2,,"AN",,,,"befallen",,,,,,
"फिर",1,,"AV",,,,"then, afterwards",,,,,,
"फिर",2,,"AV",,,,"again",,,,,,
"बड़-",1,,"AN","@-ā",,,"big, large",,,,,,
"बड़-",2,,"AN","@-ā",,,"massive",,,,,,
"बड़-",3,,"AN","@-ā",,,"heavy",,,,,,
"बड़-",4,,"AN","@-ā",,,"grown up, adult",,,,,,
"बड़-",5,,"AN","@-ā",,,"important",,,,,,
"बड़-",6,,"AN","@-ā",,,"capitalized, in upper case",,,,,,
"बड़ा",1,"Colloquial","AM",,,"soturu","very",,,,,,
"बन-",1,,"V",,,,"become",,,,,,
"बन-",2,,"V",,,,"be made of",,,,,,
"बन-",3,,"V",,,,"be made, built",,,,,,
"बन-",4,,"V",,,,"be earned",,,,,,
"बन-",5,,"V",,,,"pretend, feign",,,,,,
"बना-",1,,"V",,,,"make, create, produce",,,,,,
"बना-",2,,"V",,,,"cause to be, make",,,,,,
"बना-",3,,"V",,,,"make turn into",,,,,,
"बहुत",1,,"AN","Indeclinable",,,"many",,,,,,
"बहुत",2,,"AN","Indeclinable",,,"much",,,,,,
"बहुत",3,,"AN","Indeclinable",,,"too much",,,,,,
"बहुत",4,,"AV",,,"soturu","very",,,,,,
"बात",1,,"N",,"F",,"talk",,,,,,
"बात",2,,"N",,"F",,"word",,,,,,
"बात",3,,"N",,"F",,"utterance",,,,,,
"बात",4,,"N",,"F",,"matter, affair",,,,,,
"बात",5,,"N",,"F","gisiwu ","thing",,,,,,
"बाद",1,,"AV",,,,"afterwards",,,,,,
"बाद",2,,"AV",,,,"later",,,,,,
"बार",1,,"N",,"F",,"occasion, time",,,,,,
"बाहर",1,,"AV",,,,"outside",,,,,,
"बाहर",2,,"AV",,,,"outdoor",,,,,,
"बाहर",3,,"AV",,,,"oversea",,,,,,
"बाहर",4,,"AV",,,,"away from home",,,,,,
"बिल्ली",,,"N",,"M","fufuki ",,,,,,,
"बिस्तर",,,"N",,"M","dufiqa ",,,,,,,
"बीच",1,,"N",,"M",,"middle, center",,,,,,
"बीज",,,"N",,"M","dorawo ",,,,,,,
"भाग",1,,"N",,"M","deludo 21","part",,,,,,
"भाग",2,,"N",,"M",,"luck",,,,,,
"भाग",3,,"N",,"M",,"mathematical division",,,,,,
"भारत",1,,"N",,"M","daqida","India",,,,,,
"भालू",,,"N",,"M","bajasu ",,,,,,,
"भालो",,,"N",,"M","bajasu ",,,,,,,
"भाषा",1,,"N",,"F","lasofe ","language",,,,,,
"मधुमक्खी",,,"N",,"F","zayami ",,,,,,,
"मधुमोम",,,"N",,"M","zonoba ",,,,,,,
"मात्रा",1,,"N",,"F",,"amount, quantity, dose",,,,,,
"मात्रा",2,,"N",,"F",,"name of a vowel diacritic in the Brahmic scripts",,,,,,
"में",,,"Pro",,,"lukayu",,,,,,,
"मेज़",,,"N",,"F","yohaye ",,,,,,,
"मोम",,,"N",,"M","zonoba ",,,,,,,
"मोमबत्ती",,,"N",,"F","mobupa ",,,,,,,
"यदि",1,"Formal","Conj",,,,"if",,,,,,
"यदि",2,"Formal","Conj",,,,"whether",,,,,,
"यदि",3,"Formal","Conj",,,,"though",,,,,,
"यहाँ",1,,"AV",,,"zewubo","here",,,,,,
"यही",1,,"Pro",,,,"this very one",,,,,,
"रह-",1,,"V",,,"zuyufa","be ongoing",,,,,,
"रह-",2,,"V",,,,"stay, remain",,,,,,
"रह-",3,,"V",,,,"live, reside",,,,,,
"रह-",4,,"V",,,,"let alone",,,,,,
"राज्य",1,,"N",,"M",,"state",,,,,,
"राज्य",2,,"N",,"M",,"kingdom",,,,,,
"राज्य",3,,"N",,"M",,"reign",,,,,,
"रूप",1,,"N",,"M",,"form, shape",,,,,,
"रूप",2,,"N",,"M",,"image",,,,,,
"लकड़बग्घा",,,"N",,"M","nulofa ",,,,,,,
"लग-",1,,"V",,,,"seem, appear",,,,,,
"लग-",2,,"V",,,,"be perceived",,,,,,
"लगभग",1,,"AV",,,,"approximately",,,,,,
"लगभग",2,,"AV",,,,"nearly, almost",,,,,,
"लाख",1,,"Num",,,,"100’000",,,,,,
"ले-",,,"V",,,,"take",,,,,,
"लेकिन",1,,"Conj",,,"buvune ","but, however",,,,,,
"लेटिष",,,"N",,,"zagari ",,,,,,,
"लोक",1,,"N",,"M",,"the public",,,,,,
"लोग",1,,"N",,"M PL",,"people",,,,,,
"वर्ष",1,,"N",,"M",,"annum, year",,,,,,
"वहाँ",1,,"AV",,,,"there (at that place)",,,,,,
"वाला",1,,"N",,,"gisiwu ",,,,,,,
"वाला",2,,"Prt",,,,"one who/which…",,,,,,
"विकास",1,,"N",,"M",,"development, growth",,,,,,
"विकास",2,,"N",,"M",,"biological evolution",,,,,,
"विचार",1,,"N",,"M",,"thought",,,,,,
"विचार",2,,"N",,"M",,"idea",,,,,,
"विचार",3,,"N",,"M",,"consideration",,,,,,
"विभिन्न",1,,"AN","Indeclinable",,,"varied",,,,,,
"विभिन्न",2,,"AN","Indeclinable",,,"discrepant, different",,,,,,
"विशेष",2,,"AN","Indeclinable",,,"special",,,,,,
"विशेष",3,,"AN","Indeclinable",,,"distinctive",,,,,,
"विशेष",4,,"AN","Indeclinable",,,"peculiar",,,,,,
"वृक्ष",,,"N",,"M","tiliva ",,,,,,,
"व्यक्ति",1,,"N",,"M",,"person, individual",,,,,,
"शब्द",1,,"N",,"M",,"word, term",,,,,,
"शब्द",2,,"N",,"M",,"sound",,,,,,
"शमा",,,"N",,"F","mobupa ",,,,,,,
"शरीर",1,,"N",,"M",,"body (anatomy)",,,,,,
"शिक्षा",1,,"N",,"F",,"education",,,,,,
"शिक्षा",2,,"N",,"F",,"lesson, moral",,,,,,
"शिशुमार",,,"N",,"M","defuyi ",,,,,,,
"श्री",1,,"N",,"M",,"sir, lord",,,,,,
"संगणक",,,"N",,"M","futeyu ",,,,,,,
"सब",1,,"D",,,,"all",,,,,,
"सब",2,,"D",,,,"every",,,,,,
"समय",1,,"N",,"M",,"time (duration or moment)",,,,,,
"सर्प",,,"N",,"M","kisudo ",,,,,,,
"सलाद पत्ता",,,"N",,"M","zagari ",,,,,,,
"सा",1,,"P",,,,"like, resembling",,,,,,
"सा",2,,"P",,,,"as",,,,,,
"सा",3,,"P",,,,"-ish",,,,,,
"साथ",,,"AV",,,,"together",,,,,,
"साँप",,,"N",,"M","kisudo ",,,,,,,
"सामने",1,,"AN",,,,"opposite",,,,,,
"सामने",2,,"AN",,,,"in front, facing",,,,,,
"सामने",3,,"AN",,,,"in comparison to",,,,,,
"सिंह",1,,"N",,"M","rewocu","lion",,,,,,
"सी-",1,,"V",,,,"sew, stitch",,,,,,
"सूँस",,,"N",,"F","defuyi ",,,,,,,
"सूंस",,,"N",,"M","defuyi ",,,,,,,
"से",,,"P",,,,"by; with; to",,,,,,
"सेब",,,"N",,"M","nahala ",,,,,,,
"सेव",,,"N",,"M","nahala ",,,,,,,
"स्थान",1,,"N",,"M",,"place, location",,,,,,
"स्थान",2,,"N",,"M",,"room, space",,,,,,
"स्थिति",1,,"N",,"F",,"situation",,,,,,
"हाथ",1,,"N",,"M","tehihi","hand",,,,,,
"हूँ",,,"Cop","@Cop.IND.PRS.1SG",,,,,,,,,
"है",,,"Cop","@Cop.IND.PRS.23SG",,,,,,,,,
"हैं",,,"Cop","@Cop.IND.PRS.13PL",,,,,,,,,
"हो",,,"Cop","@Cop.IND.PRS.2PL",,,,,,,,,
"हो-",,,"Cop","@CopStem.INF",,,,,,,,,
